<?xml version="1.0" encoding="UTF-8"?>
<project-private xmlns="http://www.netbeans.org/ns/project-private/1">
    <editor-bookmarks xmlns="http://www.netbeans.org/ns/editor-bookmarks/2" lastBookmarkId="0"/>
    <open-files xmlns="http://www.netbeans.org/ns/projectui-open-files/2">
        <group>
            <file>file:/C:/Users/lab_services_student/Documents/NetBeansProjects/PROG5121_Assignment01_KiaraSingh_ST10215222/src/prog5121_assignment01_kiarasingh_st10215222/PROG5121_Assignment01_KiaraSingh_ST10215222.java</file>
            <file>file:/C:/Users/lab_services_student/Documents/NetBeansProjects/PROG5121_Assignment01_KiaraSingh_ST10215222/src/prog5121_assignment01_kiarasingh_st10215222/Student.java</file>
        </group>
    </open-files>
</project-private>
